Date,Year,MonthNo,Month,MonthYear,Quarter,QuarterYear,WeekdayNo,Weekday,WeekOfYear
2023-01-01,2023,1,Jan,Jan 2023,Q1,Q1 2023,7,Sun,52
2023-01-02,2023,1,Jan,Jan 2023,Q1,Q1 2023,1,Mon,1
2023-01-03,2023,1,Jan,Jan 2023,Q1,Q1 2023,2,Tue,1
2023-01-04,2023,1,Jan,Jan 2023,Q1,Q1 2023,3,Wed,1
2023-01-05,2023,1,Jan,Jan 2023,Q1,Q1 2023,4,Thu,1
2023-01-06,2023,1,Jan,Jan 2023,Q1,Q1 2023,5,Fri,1
2023-01-07,2023,1,Jan,Jan 2023,Q1,Q1 2023,6,Sat,1
2023-01-08,2023,1,Jan,Jan 2023,Q1,Q1 2023,7,Sun,1
2023-01-09,2023,1,Jan,Jan 2023,Q1,Q1 2023,1,Mon,2
2023-01-10,2023,1,Jan,Jan 2023,Q1,Q1 2023,2,Tue,2
2023-01-11,2023,1,Jan,Jan 2023,Q1,Q1 2023,3,Wed,2
2023-01-12,2023,1,Jan,Jan 2023,Q1,Q1 2023,4,Thu,2
2023-01-13,2023,1,Jan,Jan 2023,Q1,Q1 2023,5,Fri,2
2023-01-14,2023,1,Jan,Jan 2023,Q1,Q1 2023,6,Sat,2
2023-01-15,2023,1,Jan,Jan 2023,Q1,Q1 2023,7,Sun,2
2023-01-16,2023,1,Jan,Jan 2023,Q1,Q1 2023,1,Mon,3
2023-01-17,2023,1,Jan,Jan 2023,Q1,Q1 2023,2,Tue,3
2023-01-18,2023,1,Jan,Jan 2023,Q1,Q1 2023,3,Wed,3
2023-01-19,2023,1,Jan,Jan 2023,Q1,Q1 2023,4,Thu,3
2023-01-20,2023,1,Jan,Jan 2023,Q1,Q1 2023,5,Fri,3
2023-01-21,2023,1,Jan,Jan 2023,Q1,Q1 2023,6,Sat,3
2023-01-22,2023,1,Jan,Jan 2023,Q1,Q1 2023,7,Sun,3
2023-01-23,2023,1,Jan,Jan 2023,Q1,Q1 2023,1,Mon,4
2023-01-24,2023,1,Jan,Jan 2023,Q1,Q1 2023,2,Tue,4
2023-01-25,2023,1,Jan,Jan 2023,Q1,Q1 2023,3,Wed,4
2023-01-26,2023,1,Jan,Jan 2023,Q1,Q1 2023,4,Thu,4
2023-01-27,2023,1,Jan,Jan 2023,Q1,Q1 2023,5,Fri,4
2023-01-28,2023,1,Jan,Jan 2023,Q1,Q1 2023,6,Sat,4
2023-01-29,2023,1,Jan,Jan 2023,Q1,Q1 2023,7,Sun,4
2023-01-30,2023,1,Jan,Jan 2023,Q1,Q1 2023,1,Mon,5
2023-01-31,2023,1,Jan,Jan 2023,Q1,Q1 2023,2,Tue,5
2023-02-01,2023,2,Feb,Feb 2023,Q1,Q1 2023,3,Wed,5
2023-02-02,2023,2,Feb,Feb 2023,Q1,Q1 2023,4,Thu,5
2023-02-03,2023,2,Feb,Feb 2023,Q1,Q1 2023,5,Fri,5
2023-02-04,2023,2,Feb,Feb 2023,Q1,Q1 2023,6,Sat,5
2023-02-05,2023,2,Feb,Feb 2023,Q1,Q1 2023,7,Sun,5
2023-02-06,2023,2,Feb,Feb 2023,Q1,Q1 2023,1,Mon,6
2023-02-07,2023,2,Feb,Feb 2023,Q1,Q1 2023,2,Tue,6
2023-02-08,2023,2,Feb,Feb 2023,Q1,Q1 2023,3,Wed,6
2023-02-09,2023,2,Feb,Feb 2023,Q1,Q1 2023,4,Thu,6
2023-02-10,2023,2,Feb,Feb 2023,Q1,Q1 2023,5,Fri,6
2023-02-11,2023,2,Feb,Feb 2023,Q1,Q1 2023,6,Sat,6
2023-02-12,2023,2,Feb,Feb 2023,Q1,Q1 2023,7,Sun,6
2023-02-13,2023,2,Feb,Feb 2023,Q1,Q1 2023,1,Mon,7
2023-02-14,2023,2,Feb,Feb 2023,Q1,Q1 2023,2,Tue,7
2023-02-15,2023,2,Feb,Feb 2023,Q1,Q1 2023,3,Wed,7
2023-02-16,2023,2,Feb,Feb 2023,Q1,Q1 2023,4,Thu,7
2023-02-17,2023,2,Feb,Feb 2023,Q1,Q1 2023,5,Fri,7
2023-02-18,2023,2,Feb,Feb 2023,Q1,Q1 2023,6,Sat,7
2023-02-19,2023,2,Feb,Feb 2023,Q1,Q1 2023,7,Sun,7
2023-02-20,2023,2,Feb,Feb 2023,Q1,Q1 2023,1,Mon,8
2023-02-21,2023,2,Feb,Feb 2023,Q1,Q1 2023,2,Tue,8
2023-02-22,2023,2,Feb,Feb 2023,Q1,Q1 2023,3,Wed,8
2023-02-23,2023,2,Feb,Feb 2023,Q1,Q1 2023,4,Thu,8
2023-02-24,2023,2,Feb,Feb 2023,Q1,Q1 2023,5,Fri,8
2023-02-25,2023,2,Feb,Feb 2023,Q1,Q1 2023,6,Sat,8
2023-02-26,2023,2,Feb,Feb 2023,Q1,Q1 2023,7,Sun,8
2023-02-27,2023,2,Feb,Feb 2023,Q1,Q1 2023,1,Mon,9
2023-02-28,2023,2,Feb,Feb 2023,Q1,Q1 2023,2,Tue,9
2023-03-01,2023,3,Mar,Mar 2023,Q1,Q1 2023,3,Wed,9
2023-03-02,2023,3,Mar,Mar 2023,Q1,Q1 2023,4,Thu,9
2023-03-03,2023,3,Mar,Mar 2023,Q1,Q1 2023,5,Fri,9
2023-03-04,2023,3,Mar,Mar 2023,Q1,Q1 2023,6,Sat,9
2023-03-05,2023,3,Mar,Mar 2023,Q1,Q1 2023,7,Sun,9
2023-03-06,2023,3,Mar,Mar 2023,Q1,Q1 2023,1,Mon,10
2023-03-07,2023,3,Mar,Mar 2023,Q1,Q1 2023,2,Tue,10
2023-03-08,2023,3,Mar,Mar 2023,Q1,Q1 2023,3,Wed,10
2023-03-09,2023,3,Mar,Mar 2023,Q1,Q1 2023,4,Thu,10
2023-03-10,2023,3,Mar,Mar 2023,Q1,Q1 2023,5,Fri,10
2023-03-11,2023,3,Mar,Mar 2023,Q1,Q1 2023,6,Sat,10
2023-03-12,2023,3,Mar,Mar 2023,Q1,Q1 2023,7,Sun,10
2023-03-13,2023,3,Mar,Mar 2023,Q1,Q1 2023,1,Mon,11
2023-03-14,2023,3,Mar,Mar 2023,Q1,Q1 2023,2,Tue,11
2023-03-15,2023,3,Mar,Mar 2023,Q1,Q1 2023,3,Wed,11
2023-03-16,2023,3,Mar,Mar 2023,Q1,Q1 2023,4,Thu,11
2023-03-17,2023,3,Mar,Mar 2023,Q1,Q1 2023,5,Fri,11
2023-03-18,2023,3,Mar,Mar 2023,Q1,Q1 2023,6,Sat,11
2023-03-19,2023,3,Mar,Mar 2023,Q1,Q1 2023,7,Sun,11
2023-03-20,2023,3,Mar,Mar 2023,Q1,Q1 2023,1,Mon,12
2023-03-21,2023,3,Mar,Mar 2023,Q1,Q1 2023,2,Tue,12
2023-03-22,2023,3,Mar,Mar 2023,Q1,Q1 2023,3,Wed,12
2023-03-23,2023,3,Mar,Mar 2023,Q1,Q1 2023,4,Thu,12
2023-03-24,2023,3,Mar,Mar 2023,Q1,Q1 2023,5,Fri,12
2023-03-25,2023,3,Mar,Mar 2023,Q1,Q1 2023,6,Sat,12
2023-03-26,2023,3,Mar,Mar 2023,Q1,Q1 2023,7,Sun,12
2023-03-27,2023,3,Mar,Mar 2023,Q1,Q1 2023,1,Mon,13
2023-03-28,2023,3,Mar,Mar 2023,Q1,Q1 2023,2,Tue,13
2023-03-29,2023,3,Mar,Mar 2023,Q1,Q1 2023,3,Wed,13
2023-03-30,2023,3,Mar,Mar 2023,Q1,Q1 2023,4,Thu,13
2023-03-31,2023,3,Mar,Mar 2023,Q1,Q1 2023,5,Fri,13
2023-04-01,2023,4,Apr,Apr 2023,Q2,Q2 2023,6,Sat,13
2023-04-02,2023,4,Apr,Apr 2023,Q2,Q2 2023,7,Sun,13
2023-04-03,2023,4,Apr,Apr 2023,Q2,Q2 2023,1,Mon,14
2023-04-04,2023,4,Apr,Apr 2023,Q2,Q2 2023,2,Tue,14
2023-04-05,2023,4,Apr,Apr 2023,Q2,Q2 2023,3,Wed,14
2023-04-06,2023,4,Apr,Apr 2023,Q2,Q2 2023,4,Thu,14
2023-04-07,2023,4,Apr,Apr 2023,Q2,Q2 2023,5,Fri,14
2023-04-08,2023,4,Apr,Apr 2023,Q2,Q2 2023,6,Sat,14
2023-04-09,2023,4,Apr,Apr 2023,Q2,Q2 2023,7,Sun,14
2023-04-10,2023,4,Apr,Apr 2023,Q2,Q2 2023,1,Mon,15
2023-04-11,2023,4,Apr,Apr 2023,Q2,Q2 2023,2,Tue,15
2023-04-12,2023,4,Apr,Apr 2023,Q2,Q2 2023,3,Wed,15
2023-04-13,2023,4,Apr,Apr 2023,Q2,Q2 2023,4,Thu,15
2023-04-14,2023,4,Apr,Apr 2023,Q2,Q2 2023,5,Fri,15
2023-04-15,2023,4,Apr,Apr 2023,Q2,Q2 2023,6,Sat,15
2023-04-16,2023,4,Apr,Apr 2023,Q2,Q2 2023,7,Sun,15
2023-04-17,2023,4,Apr,Apr 2023,Q2,Q2 2023,1,Mon,16
2023-04-18,2023,4,Apr,Apr 2023,Q2,Q2 2023,2,Tue,16
2023-04-19,2023,4,Apr,Apr 2023,Q2,Q2 2023,3,Wed,16
2023-04-20,2023,4,Apr,Apr 2023,Q2,Q2 2023,4,Thu,16
2023-04-21,2023,4,Apr,Apr 2023,Q2,Q2 2023,5,Fri,16
2023-04-22,2023,4,Apr,Apr 2023,Q2,Q2 2023,6,Sat,16
2023-04-23,2023,4,Apr,Apr 2023,Q2,Q2 2023,7,Sun,16
2023-04-24,2023,4,Apr,Apr 2023,Q2,Q2 2023,1,Mon,17
2023-04-25,2023,4,Apr,Apr 2023,Q2,Q2 2023,2,Tue,17
2023-04-26,2023,4,Apr,Apr 2023,Q2,Q2 2023,3,Wed,17
2023-04-27,2023,4,Apr,Apr 2023,Q2,Q2 2023,4,Thu,17
2023-04-28,2023,4,Apr,Apr 2023,Q2,Q2 2023,5,Fri,17
2023-04-29,2023,4,Apr,Apr 2023,Q2,Q2 2023,6,Sat,17
2023-04-30,2023,4,Apr,Apr 2023,Q2,Q2 2023,7,Sun,17
2023-05-01,2023,5,May,May 2023,Q2,Q2 2023,1,Mon,18
2023-05-02,2023,5,May,May 2023,Q2,Q2 2023,2,Tue,18
2023-05-03,2023,5,May,May 2023,Q2,Q2 2023,3,Wed,18
2023-05-04,2023,5,May,May 2023,Q2,Q2 2023,4,Thu,18
2023-05-05,2023,5,May,May 2023,Q2,Q2 2023,5,Fri,18
2023-05-06,2023,5,May,May 2023,Q2,Q2 2023,6,Sat,18
2023-05-07,2023,5,May,May 2023,Q2,Q2 2023,7,Sun,18
2023-05-08,2023,5,May,May 2023,Q2,Q2 2023,1,Mon,19
2023-05-09,2023,5,May,May 2023,Q2,Q2 2023,2,Tue,19
2023-05-10,2023,5,May,May 2023,Q2,Q2 2023,3,Wed,19
2023-05-11,2023,5,May,May 2023,Q2,Q2 2023,4,Thu,19
2023-05-12,2023,5,May,May 2023,Q2,Q2 2023,5,Fri,19
2023-05-13,2023,5,May,May 2023,Q2,Q2 2023,6,Sat,19
2023-05-14,2023,5,May,May 2023,Q2,Q2 2023,7,Sun,19
2023-05-15,2023,5,May,May 2023,Q2,Q2 2023,1,Mon,20
2023-05-16,2023,5,May,May 2023,Q2,Q2 2023,2,Tue,20
2023-05-17,2023,5,May,May 2023,Q2,Q2 2023,3,Wed,20
2023-05-18,2023,5,May,May 2023,Q2,Q2 2023,4,Thu,20
2023-05-19,2023,5,May,May 2023,Q2,Q2 2023,5,Fri,20
2023-05-20,2023,5,May,May 2023,Q2,Q2 2023,6,Sat,20
2023-05-21,2023,5,May,May 2023,Q2,Q2 2023,7,Sun,20
2023-05-22,2023,5,May,May 2023,Q2,Q2 2023,1,Mon,21
2023-05-23,2023,5,May,May 2023,Q2,Q2 2023,2,Tue,21
2023-05-24,2023,5,May,May 2023,Q2,Q2 2023,3,Wed,21
2023-05-25,2023,5,May,May 2023,Q2,Q2 2023,4,Thu,21
2023-05-26,2023,5,May,May 2023,Q2,Q2 2023,5,Fri,21
2023-05-27,2023,5,May,May 2023,Q2,Q2 2023,6,Sat,21
2023-05-28,2023,5,May,May 2023,Q2,Q2 2023,7,Sun,21
2023-05-29,2023,5,May,May 2023,Q2,Q2 2023,1,Mon,22
2023-05-30,2023,5,May,May 2023,Q2,Q2 2023,2,Tue,22
2023-05-31,2023,5,May,May 2023,Q2,Q2 2023,3,Wed,22
2023-06-01,2023,6,Jun,Jun 2023,Q2,Q2 2023,4,Thu,22
2023-06-02,2023,6,Jun,Jun 2023,Q2,Q2 2023,5,Fri,22
2023-06-03,2023,6,Jun,Jun 2023,Q2,Q2 2023,6,Sat,22
2023-06-04,2023,6,Jun,Jun 2023,Q2,Q2 2023,7,Sun,22
2023-06-05,2023,6,Jun,Jun 2023,Q2,Q2 2023,1,Mon,23
2023-06-06,2023,6,Jun,Jun 2023,Q2,Q2 2023,2,Tue,23
2023-06-07,2023,6,Jun,Jun 2023,Q2,Q2 2023,3,Wed,23
2023-06-08,2023,6,Jun,Jun 2023,Q2,Q2 2023,4,Thu,23
2023-06-09,2023,6,Jun,Jun 2023,Q2,Q2 2023,5,Fri,23
2023-06-10,2023,6,Jun,Jun 2023,Q2,Q2 2023,6,Sat,23
2023-06-11,2023,6,Jun,Jun 2023,Q2,Q2 2023,7,Sun,23
2023-06-12,2023,6,Jun,Jun 2023,Q2,Q2 2023,1,Mon,24
2023-06-13,2023,6,Jun,Jun 2023,Q2,Q2 2023,2,Tue,24
2023-06-14,2023,6,Jun,Jun 2023,Q2,Q2 2023,3,Wed,24
2023-06-15,2023,6,Jun,Jun 2023,Q2,Q2 2023,4,Thu,24
2023-06-16,2023,6,Jun,Jun 2023,Q2,Q2 2023,5,Fri,24
2023-06-17,2023,6,Jun,Jun 2023,Q2,Q2 2023,6,Sat,24
2023-06-18,2023,6,Jun,Jun 2023,Q2,Q2 2023,7,Sun,24
2023-06-19,2023,6,Jun,Jun 2023,Q2,Q2 2023,1,Mon,25
2023-06-20,2023,6,Jun,Jun 2023,Q2,Q2 2023,2,Tue,25
2023-06-21,2023,6,Jun,Jun 2023,Q2,Q2 2023,3,Wed,25
2023-06-22,2023,6,Jun,Jun 2023,Q2,Q2 2023,4,Thu,25
2023-06-23,2023,6,Jun,Jun 2023,Q2,Q2 2023,5,Fri,25
2023-06-24,2023,6,Jun,Jun 2023,Q2,Q2 2023,6,Sat,25
2023-06-25,2023,6,Jun,Jun 2023,Q2,Q2 2023,7,Sun,25
2023-06-26,2023,6,Jun,Jun 2023,Q2,Q2 2023,1,Mon,26
2023-06-27,2023,6,Jun,Jun 2023,Q2,Q2 2023,2,Tue,26
2023-06-28,2023,6,Jun,Jun 2023,Q2,Q2 2023,3,Wed,26
2023-06-29,2023,6,Jun,Jun 2023,Q2,Q2 2023,4,Thu,26
2023-06-30,2023,6,Jun,Jun 2023,Q2,Q2 2023,5,Fri,26
2023-07-01,2023,7,Jul,Jul 2023,Q3,Q3 2023,6,Sat,26
2023-07-02,2023,7,Jul,Jul 2023,Q3,Q3 2023,7,Sun,26
2023-07-03,2023,7,Jul,Jul 2023,Q3,Q3 2023,1,Mon,27
2023-07-04,2023,7,Jul,Jul 2023,Q3,Q3 2023,2,Tue,27
2023-07-05,2023,7,Jul,Jul 2023,Q3,Q3 2023,3,Wed,27
2023-07-06,2023,7,Jul,Jul 2023,Q3,Q3 2023,4,Thu,27
2023-07-07,2023,7,Jul,Jul 2023,Q3,Q3 2023,5,Fri,27
2023-07-08,2023,7,Jul,Jul 2023,Q3,Q3 2023,6,Sat,27
2023-07-09,2023,7,Jul,Jul 2023,Q3,Q3 2023,7,Sun,27
2023-07-10,2023,7,Jul,Jul 2023,Q3,Q3 2023,1,Mon,28
2023-07-11,2023,7,Jul,Jul 2023,Q3,Q3 2023,2,Tue,28
2023-07-12,2023,7,Jul,Jul 2023,Q3,Q3 2023,3,Wed,28
2023-07-13,2023,7,Jul,Jul 2023,Q3,Q3 2023,4,Thu,28
2023-07-14,2023,7,Jul,Jul 2023,Q3,Q3 2023,5,Fri,28
2023-07-15,2023,7,Jul,Jul 2023,Q3,Q3 2023,6,Sat,28
2023-07-16,2023,7,Jul,Jul 2023,Q3,Q3 2023,7,Sun,28
2023-07-17,2023,7,Jul,Jul 2023,Q3,Q3 2023,1,Mon,29
2023-07-18,2023,7,Jul,Jul 2023,Q3,Q3 2023,2,Tue,29
2023-07-19,2023,7,Jul,Jul 2023,Q3,Q3 2023,3,Wed,29
2023-07-20,2023,7,Jul,Jul 2023,Q3,Q3 2023,4,Thu,29
2023-07-21,2023,7,Jul,Jul 2023,Q3,Q3 2023,5,Fri,29
2023-07-22,2023,7,Jul,Jul 2023,Q3,Q3 2023,6,Sat,29
2023-07-23,2023,7,Jul,Jul 2023,Q3,Q3 2023,7,Sun,29
2023-07-24,2023,7,Jul,Jul 2023,Q3,Q3 2023,1,Mon,30
2023-07-25,2023,7,Jul,Jul 2023,Q3,Q3 2023,2,Tue,30
2023-07-26,2023,7,Jul,Jul 2023,Q3,Q3 2023,3,Wed,30
2023-07-27,2023,7,Jul,Jul 2023,Q3,Q3 2023,4,Thu,30
2023-07-28,2023,7,Jul,Jul 2023,Q3,Q3 2023,5,Fri,30
2023-07-29,2023,7,Jul,Jul 2023,Q3,Q3 2023,6,Sat,30
2023-07-30,2023,7,Jul,Jul 2023,Q3,Q3 2023,7,Sun,30
2023-07-31,2023,7,Jul,Jul 2023,Q3,Q3 2023,1,Mon,31
2023-08-01,2023,8,Aug,Aug 2023,Q3,Q3 2023,2,Tue,31
2023-08-02,2023,8,Aug,Aug 2023,Q3,Q3 2023,3,Wed,31
2023-08-03,2023,8,Aug,Aug 2023,Q3,Q3 2023,4,Thu,31
2023-08-04,2023,8,Aug,Aug 2023,Q3,Q3 2023,5,Fri,31
2023-08-05,2023,8,Aug,Aug 2023,Q3,Q3 2023,6,Sat,31
2023-08-06,2023,8,Aug,Aug 2023,Q3,Q3 2023,7,Sun,31
2023-08-07,2023,8,Aug,Aug 2023,Q3,Q3 2023,1,Mon,32
2023-08-08,2023,8,Aug,Aug 2023,Q3,Q3 2023,2,Tue,32
2023-08-09,2023,8,Aug,Aug 2023,Q3,Q3 2023,3,Wed,32
2023-08-10,2023,8,Aug,Aug 2023,Q3,Q3 2023,4,Thu,32
2023-08-11,2023,8,Aug,Aug 2023,Q3,Q3 2023,5,Fri,32
2023-08-12,2023,8,Aug,Aug 2023,Q3,Q3 2023,6,Sat,32
2023-08-13,2023,8,Aug,Aug 2023,Q3,Q3 2023,7,Sun,32
2023-08-14,2023,8,Aug,Aug 2023,Q3,Q3 2023,1,Mon,33
2023-08-15,2023,8,Aug,Aug 2023,Q3,Q3 2023,2,Tue,33
2023-08-16,2023,8,Aug,Aug 2023,Q3,Q3 2023,3,Wed,33
2023-08-17,2023,8,Aug,Aug 2023,Q3,Q3 2023,4,Thu,33
2023-08-18,2023,8,Aug,Aug 2023,Q3,Q3 2023,5,Fri,33
2023-08-19,2023,8,Aug,Aug 2023,Q3,Q3 2023,6,Sat,33
2023-08-20,2023,8,Aug,Aug 2023,Q3,Q3 2023,7,Sun,33
2023-08-21,2023,8,Aug,Aug 2023,Q3,Q3 2023,1,Mon,34
2023-08-22,2023,8,Aug,Aug 2023,Q3,Q3 2023,2,Tue,34
2023-08-23,2023,8,Aug,Aug 2023,Q3,Q3 2023,3,Wed,34
2023-08-24,2023,8,Aug,Aug 2023,Q3,Q3 2023,4,Thu,34
2023-08-25,2023,8,Aug,Aug 2023,Q3,Q3 2023,5,Fri,34
2023-08-26,2023,8,Aug,Aug 2023,Q3,Q3 2023,6,Sat,34
2023-08-27,2023,8,Aug,Aug 2023,Q3,Q3 2023,7,Sun,34
2023-08-28,2023,8,Aug,Aug 2023,Q3,Q3 2023,1,Mon,35
2023-08-29,2023,8,Aug,Aug 2023,Q3,Q3 2023,2,Tue,35
2023-08-30,2023,8,Aug,Aug 2023,Q3,Q3 2023,3,Wed,35
2023-08-31,2023,8,Aug,Aug 2023,Q3,Q3 2023,4,Thu,35
2023-09-01,2023,9,Sep,Sep 2023,Q3,Q3 2023,5,Fri,35
2023-09-02,2023,9,Sep,Sep 2023,Q3,Q3 2023,6,Sat,35
2023-09-03,2023,9,Sep,Sep 2023,Q3,Q3 2023,7,Sun,35
2023-09-04,2023,9,Sep,Sep 2023,Q3,Q3 2023,1,Mon,36
2023-09-05,2023,9,Sep,Sep 2023,Q3,Q3 2023,2,Tue,36
2023-09-06,2023,9,Sep,Sep 2023,Q3,Q3 2023,3,Wed,36
2023-09-07,2023,9,Sep,Sep 2023,Q3,Q3 2023,4,Thu,36
2023-09-08,2023,9,Sep,Sep 2023,Q3,Q3 2023,5,Fri,36
2023-09-09,2023,9,Sep,Sep 2023,Q3,Q3 2023,6,Sat,36
2023-09-10,2023,9,Sep,Sep 2023,Q3,Q3 2023,7,Sun,36
2023-09-11,2023,9,Sep,Sep 2023,Q3,Q3 2023,1,Mon,37
2023-09-12,2023,9,Sep,Sep 2023,Q3,Q3 2023,2,Tue,37
2023-09-13,2023,9,Sep,Sep 2023,Q3,Q3 2023,3,Wed,37
2023-09-14,2023,9,Sep,Sep 2023,Q3,Q3 2023,4,Thu,37
2023-09-15,2023,9,Sep,Sep 2023,Q3,Q3 2023,5,Fri,37
2023-09-16,2023,9,Sep,Sep 2023,Q3,Q3 2023,6,Sat,37
2023-09-17,2023,9,Sep,Sep 2023,Q3,Q3 2023,7,Sun,37
2023-09-18,2023,9,Sep,Sep 2023,Q3,Q3 2023,1,Mon,38
2023-09-19,2023,9,Sep,Sep 2023,Q3,Q3 2023,2,Tue,38
2023-09-20,2023,9,Sep,Sep 2023,Q3,Q3 2023,3,Wed,38
2023-09-21,2023,9,Sep,Sep 2023,Q3,Q3 2023,4,Thu,38
2023-09-22,2023,9,Sep,Sep 2023,Q3,Q3 2023,5,Fri,38
2023-09-23,2023,9,Sep,Sep 2023,Q3,Q3 2023,6,Sat,38
2023-09-24,2023,9,Sep,Sep 2023,Q3,Q3 2023,7,Sun,38
2023-09-25,2023,9,Sep,Sep 2023,Q3,Q3 2023,1,Mon,39
2023-09-26,2023,9,Sep,Sep 2023,Q3,Q3 2023,2,Tue,39
2023-09-27,2023,9,Sep,Sep 2023,Q3,Q3 2023,3,Wed,39
2023-09-28,2023,9,Sep,Sep 2023,Q3,Q3 2023,4,Thu,39
2023-09-29,2023,9,Sep,Sep 2023,Q3,Q3 2023,5,Fri,39
2023-09-30,2023,9,Sep,Sep 2023,Q3,Q3 2023,6,Sat,39
2023-10-01,2023,10,Oct,Oct 2023,Q4,Q4 2023,7,Sun,39
2023-10-02,2023,10,Oct,Oct 2023,Q4,Q4 2023,1,Mon,40
2023-10-03,2023,10,Oct,Oct 2023,Q4,Q4 2023,2,Tue,40
2023-10-04,2023,10,Oct,Oct 2023,Q4,Q4 2023,3,Wed,40
2023-10-05,2023,10,Oct,Oct 2023,Q4,Q4 2023,4,Thu,40
2023-10-06,2023,10,Oct,Oct 2023,Q4,Q4 2023,5,Fri,40
2023-10-07,2023,10,Oct,Oct 2023,Q4,Q4 2023,6,Sat,40
2023-10-08,2023,10,Oct,Oct 2023,Q4,Q4 2023,7,Sun,40
2023-10-09,2023,10,Oct,Oct 2023,Q4,Q4 2023,1,Mon,41
2023-10-10,2023,10,Oct,Oct 2023,Q4,Q4 2023,2,Tue,41
2023-10-11,2023,10,Oct,Oct 2023,Q4,Q4 2023,3,Wed,41
2023-10-12,2023,10,Oct,Oct 2023,Q4,Q4 2023,4,Thu,41
2023-10-13,2023,10,Oct,Oct 2023,Q4,Q4 2023,5,Fri,41
2023-10-14,2023,10,Oct,Oct 2023,Q4,Q4 2023,6,Sat,41
2023-10-15,2023,10,Oct,Oct 2023,Q4,Q4 2023,7,Sun,41
2023-10-16,2023,10,Oct,Oct 2023,Q4,Q4 2023,1,Mon,42
2023-10-17,2023,10,Oct,Oct 2023,Q4,Q4 2023,2,Tue,42
2023-10-18,2023,10,Oct,Oct 2023,Q4,Q4 2023,3,Wed,42
2023-10-19,2023,10,Oct,Oct 2023,Q4,Q4 2023,4,Thu,42
2023-10-20,2023,10,Oct,Oct 2023,Q4,Q4 2023,5,Fri,42
2023-10-21,2023,10,Oct,Oct 2023,Q4,Q4 2023,6,Sat,42
2023-10-22,2023,10,Oct,Oct 2023,Q4,Q4 2023,7,Sun,42
2023-10-23,2023,10,Oct,Oct 2023,Q4,Q4 2023,1,Mon,43
2023-10-24,2023,10,Oct,Oct 2023,Q4,Q4 2023,2,Tue,43
2023-10-25,2023,10,Oct,Oct 2023,Q4,Q4 2023,3,Wed,43
2023-10-26,2023,10,Oct,Oct 2023,Q4,Q4 2023,4,Thu,43
2023-10-27,2023,10,Oct,Oct 2023,Q4,Q4 2023,5,Fri,43
2023-10-28,2023,10,Oct,Oct 2023,Q4,Q4 2023,6,Sat,43
2023-10-29,2023,10,Oct,Oct 2023,Q4,Q4 2023,7,Sun,43
2023-10-30,2023,10,Oct,Oct 2023,Q4,Q4 2023,1,Mon,44
2023-10-31,2023,10,Oct,Oct 2023,Q4,Q4 2023,2,Tue,44
2023-11-01,2023,11,Nov,Nov 2023,Q4,Q4 2023,3,Wed,44
2023-11-02,2023,11,Nov,Nov 2023,Q4,Q4 2023,4,Thu,44
2023-11-03,2023,11,Nov,Nov 2023,Q4,Q4 2023,5,Fri,44
2023-11-04,2023,11,Nov,Nov 2023,Q4,Q4 2023,6,Sat,44
2023-11-05,2023,11,Nov,Nov 2023,Q4,Q4 2023,7,Sun,44
2023-11-06,2023,11,Nov,Nov 2023,Q4,Q4 2023,1,Mon,45
2023-11-07,2023,11,Nov,Nov 2023,Q4,Q4 2023,2,Tue,45
2023-11-08,2023,11,Nov,Nov 2023,Q4,Q4 2023,3,Wed,45
2023-11-09,2023,11,Nov,Nov 2023,Q4,Q4 2023,4,Thu,45
2023-11-10,2023,11,Nov,Nov 2023,Q4,Q4 2023,5,Fri,45
2023-11-11,2023,11,Nov,Nov 2023,Q4,Q4 2023,6,Sat,45
2023-11-12,2023,11,Nov,Nov 2023,Q4,Q4 2023,7,Sun,45
2023-11-13,2023,11,Nov,Nov 2023,Q4,Q4 2023,1,Mon,46
2023-11-14,2023,11,Nov,Nov 2023,Q4,Q4 2023,2,Tue,46
2023-11-15,2023,11,Nov,Nov 2023,Q4,Q4 2023,3,Wed,46
2023-11-16,2023,11,Nov,Nov 2023,Q4,Q4 2023,4,Thu,46
2023-11-17,2023,11,Nov,Nov 2023,Q4,Q4 2023,5,Fri,46
2023-11-18,2023,11,Nov,Nov 2023,Q4,Q4 2023,6,Sat,46
2023-11-19,2023,11,Nov,Nov 2023,Q4,Q4 2023,7,Sun,46
2023-11-20,2023,11,Nov,Nov 2023,Q4,Q4 2023,1,Mon,47
2023-11-21,2023,11,Nov,Nov 2023,Q4,Q4 2023,2,Tue,47
2023-11-22,2023,11,Nov,Nov 2023,Q4,Q4 2023,3,Wed,47
2023-11-23,2023,11,Nov,Nov 2023,Q4,Q4 2023,4,Thu,47
2023-11-24,2023,11,Nov,Nov 2023,Q4,Q4 2023,5,Fri,47
2023-11-25,2023,11,Nov,Nov 2023,Q4,Q4 2023,6,Sat,47
2023-11-26,2023,11,Nov,Nov 2023,Q4,Q4 2023,7,Sun,47
2023-11-27,2023,11,Nov,Nov 2023,Q4,Q4 2023,1,Mon,48
2023-11-28,2023,11,Nov,Nov 2023,Q4,Q4 2023,2,Tue,48
2023-11-29,2023,11,Nov,Nov 2023,Q4,Q4 2023,3,Wed,48
2023-11-30,2023,11,Nov,Nov 2023,Q4,Q4 2023,4,Thu,48
2023-12-01,2023,12,Dec,Dec 2023,Q4,Q4 2023,5,Fri,48
2023-12-02,2023,12,Dec,Dec 2023,Q4,Q4 2023,6,Sat,48
2023-12-03,2023,12,Dec,Dec 2023,Q4,Q4 2023,7,Sun,48
2023-12-04,2023,12,Dec,Dec 2023,Q4,Q4 2023,1,Mon,49
2023-12-05,2023,12,Dec,Dec 2023,Q4,Q4 2023,2,Tue,49
2023-12-06,2023,12,Dec,Dec 2023,Q4,Q4 2023,3,Wed,49
2023-12-07,2023,12,Dec,Dec 2023,Q4,Q4 2023,4,Thu,49
2023-12-08,2023,12,Dec,Dec 2023,Q4,Q4 2023,5,Fri,49
2023-12-09,2023,12,Dec,Dec 2023,Q4,Q4 2023,6,Sat,49
2023-12-10,2023,12,Dec,Dec 2023,Q4,Q4 2023,7,Sun,49
2023-12-11,2023,12,Dec,Dec 2023,Q4,Q4 2023,1,Mon,50
2023-12-12,2023,12,Dec,Dec 2023,Q4,Q4 2023,2,Tue,50
2023-12-13,2023,12,Dec,Dec 2023,Q4,Q4 2023,3,Wed,50
2023-12-14,2023,12,Dec,Dec 2023,Q4,Q4 2023,4,Thu,50
2023-12-15,2023,12,Dec,Dec 2023,Q4,Q4 2023,5,Fri,50
2023-12-16,2023,12,Dec,Dec 2023,Q4,Q4 2023,6,Sat,50
2023-12-17,2023,12,Dec,Dec 2023,Q4,Q4 2023,7,Sun,50
2023-12-18,2023,12,Dec,Dec 2023,Q4,Q4 2023,1,Mon,51
2023-12-19,2023,12,Dec,Dec 2023,Q4,Q4 2023,2,Tue,51
2023-12-20,2023,12,Dec,Dec 2023,Q4,Q4 2023,3,Wed,51
2023-12-21,2023,12,Dec,Dec 2023,Q4,Q4 2023,4,Thu,51
2023-12-22,2023,12,Dec,Dec 2023,Q4,Q4 2023,5,Fri,51
2023-12-23,2023,12,Dec,Dec 2023,Q4,Q4 2023,6,Sat,51
2023-12-24,2023,12,Dec,Dec 2023,Q4,Q4 2023,7,Sun,51
2023-12-25,2023,12,Dec,Dec 2023,Q4,Q4 2023,1,Mon,52
2023-12-26,2023,12,Dec,Dec 2023,Q4,Q4 2023,2,Tue,52
2023-12-27,2023,12,Dec,Dec 2023,Q4,Q4 2023,3,Wed,52
2023-12-28,2023,12,Dec,Dec 2023,Q4,Q4 2023,4,Thu,52
2023-12-29,2023,12,Dec,Dec 2023,Q4,Q4 2023,5,Fri,52
2023-12-30,2023,12,Dec,Dec 2023,Q4,Q4 2023,6,Sat,52
2023-12-31,2023,12,Dec,Dec 2023,Q4,Q4 2023,7,Sun,52
2024-01-01,2024,1,Jan,Jan 2024,Q1,Q1 2024,1,Mon,1
2024-01-02,2024,1,Jan,Jan 2024,Q1,Q1 2024,2,Tue,1
2024-01-03,2024,1,Jan,Jan 2024,Q1,Q1 2024,3,Wed,1
2024-01-04,2024,1,Jan,Jan 2024,Q1,Q1 2024,4,Thu,1
2024-01-05,2024,1,Jan,Jan 2024,Q1,Q1 2024,5,Fri,1
2024-01-06,2024,1,Jan,Jan 2024,Q1,Q1 2024,6,Sat,1
2024-01-07,2024,1,Jan,Jan 2024,Q1,Q1 2024,7,Sun,1
2024-01-08,2024,1,Jan,Jan 2024,Q1,Q1 2024,1,Mon,2
2024-01-09,2024,1,Jan,Jan 2024,Q1,Q1 2024,2,Tue,2
2024-01-10,2024,1,Jan,Jan 2024,Q1,Q1 2024,3,Wed,2
2024-01-11,2024,1,Jan,Jan 2024,Q1,Q1 2024,4,Thu,2
2024-01-12,2024,1,Jan,Jan 2024,Q1,Q1 2024,5,Fri,2
2024-01-13,2024,1,Jan,Jan 2024,Q1,Q1 2024,6,Sat,2
2024-01-14,2024,1,Jan,Jan 2024,Q1,Q1 2024,7,Sun,2
2024-01-15,2024,1,Jan,Jan 2024,Q1,Q1 2024,1,Mon,3
2024-01-16,2024,1,Jan,Jan 2024,Q1,Q1 2024,2,Tue,3
2024-01-17,2024,1,Jan,Jan 2024,Q1,Q1 2024,3,Wed,3
2024-01-18,2024,1,Jan,Jan 2024,Q1,Q1 2024,4,Thu,3
2024-01-19,2024,1,Jan,Jan 2024,Q1,Q1 2024,5,Fri,3
2024-01-20,2024,1,Jan,Jan 2024,Q1,Q1 2024,6,Sat,3
2024-01-21,2024,1,Jan,Jan 2024,Q1,Q1 2024,7,Sun,3
2024-01-22,2024,1,Jan,Jan 2024,Q1,Q1 2024,1,Mon,4
2024-01-23,2024,1,Jan,Jan 2024,Q1,Q1 2024,2,Tue,4
2024-01-24,2024,1,Jan,Jan 2024,Q1,Q1 2024,3,Wed,4
2024-01-25,2024,1,Jan,Jan 2024,Q1,Q1 2024,4,Thu,4
2024-01-26,2024,1,Jan,Jan 2024,Q1,Q1 2024,5,Fri,4
2024-01-27,2024,1,Jan,Jan 2024,Q1,Q1 2024,6,Sat,4
2024-01-28,2024,1,Jan,Jan 2024,Q1,Q1 2024,7,Sun,4
2024-01-29,2024,1,Jan,Jan 2024,Q1,Q1 2024,1,Mon,5
2024-01-30,2024,1,Jan,Jan 2024,Q1,Q1 2024,2,Tue,5
2024-01-31,2024,1,Jan,Jan 2024,Q1,Q1 2024,3,Wed,5
2024-02-01,2024,2,Feb,Feb 2024,Q1,Q1 2024,4,Thu,5
2024-02-02,2024,2,Feb,Feb 2024,Q1,Q1 2024,5,Fri,5
2024-02-03,2024,2,Feb,Feb 2024,Q1,Q1 2024,6,Sat,5
2024-02-04,2024,2,Feb,Feb 2024,Q1,Q1 2024,7,Sun,5
2024-02-05,2024,2,Feb,Feb 2024,Q1,Q1 2024,1,Mon,6
2024-02-06,2024,2,Feb,Feb 2024,Q1,Q1 2024,2,Tue,6
2024-02-07,2024,2,Feb,Feb 2024,Q1,Q1 2024,3,Wed,6
2024-02-08,2024,2,Feb,Feb 2024,Q1,Q1 2024,4,Thu,6
2024-02-09,2024,2,Feb,Feb 2024,Q1,Q1 2024,5,Fri,6
2024-02-10,2024,2,Feb,Feb 2024,Q1,Q1 2024,6,Sat,6
2024-02-11,2024,2,Feb,Feb 2024,Q1,Q1 2024,7,Sun,6
2024-02-12,2024,2,Feb,Feb 2024,Q1,Q1 2024,1,Mon,7
2024-02-13,2024,2,Feb,Feb 2024,Q1,Q1 2024,2,Tue,7
2024-02-14,2024,2,Feb,Feb 2024,Q1,Q1 2024,3,Wed,7
2024-02-15,2024,2,Feb,Feb 2024,Q1,Q1 2024,4,Thu,7
2024-02-16,2024,2,Feb,Feb 2024,Q1,Q1 2024,5,Fri,7
2024-02-17,2024,2,Feb,Feb 2024,Q1,Q1 2024,6,Sat,7
2024-02-18,2024,2,Feb,Feb 2024,Q1,Q1 2024,7,Sun,7
2024-02-19,2024,2,Feb,Feb 2024,Q1,Q1 2024,1,Mon,8
2024-02-20,2024,2,Feb,Feb 2024,Q1,Q1 2024,2,Tue,8
2024-02-21,2024,2,Feb,Feb 2024,Q1,Q1 2024,3,Wed,8
2024-02-22,2024,2,Feb,Feb 2024,Q1,Q1 2024,4,Thu,8
2024-02-23,2024,2,Feb,Feb 2024,Q1,Q1 2024,5,Fri,8
2024-02-24,2024,2,Feb,Feb 2024,Q1,Q1 2024,6,Sat,8
2024-02-25,2024,2,Feb,Feb 2024,Q1,Q1 2024,7,Sun,8
2024-02-26,2024,2,Feb,Feb 2024,Q1,Q1 2024,1,Mon,9
2024-02-27,2024,2,Feb,Feb 2024,Q1,Q1 2024,2,Tue,9
2024-02-28,2024,2,Feb,Feb 2024,Q1,Q1 2024,3,Wed,9
2024-02-29,2024,2,Feb,Feb 2024,Q1,Q1 2024,4,Thu,9
2024-03-01,2024,3,Mar,Mar 2024,Q1,Q1 2024,5,Fri,9
2024-03-02,2024,3,Mar,Mar 2024,Q1,Q1 2024,6,Sat,9
2024-03-03,2024,3,Mar,Mar 2024,Q1,Q1 2024,7,Sun,9
2024-03-04,2024,3,Mar,Mar 2024,Q1,Q1 2024,1,Mon,10
2024-03-05,2024,3,Mar,Mar 2024,Q1,Q1 2024,2,Tue,10
2024-03-06,2024,3,Mar,Mar 2024,Q1,Q1 2024,3,Wed,10
2024-03-07,2024,3,Mar,Mar 2024,Q1,Q1 2024,4,Thu,10
2024-03-08,2024,3,Mar,Mar 2024,Q1,Q1 2024,5,Fri,10
2024-03-09,2024,3,Mar,Mar 2024,Q1,Q1 2024,6,Sat,10
2024-03-10,2024,3,Mar,Mar 2024,Q1,Q1 2024,7,Sun,10
2024-03-11,2024,3,Mar,Mar 2024,Q1,Q1 2024,1,Mon,11
2024-03-12,2024,3,Mar,Mar 2024,Q1,Q1 2024,2,Tue,11
2024-03-13,2024,3,Mar,Mar 2024,Q1,Q1 2024,3,Wed,11
2024-03-14,2024,3,Mar,Mar 2024,Q1,Q1 2024,4,Thu,11
2024-03-15,2024,3,Mar,Mar 2024,Q1,Q1 2024,5,Fri,11
2024-03-16,2024,3,Mar,Mar 2024,Q1,Q1 2024,6,Sat,11
2024-03-17,2024,3,Mar,Mar 2024,Q1,Q1 2024,7,Sun,11
2024-03-18,2024,3,Mar,Mar 2024,Q1,Q1 2024,1,Mon,12
2024-03-19,2024,3,Mar,Mar 2024,Q1,Q1 2024,2,Tue,12
2024-03-20,2024,3,Mar,Mar 2024,Q1,Q1 2024,3,Wed,12
2024-03-21,2024,3,Mar,Mar 2024,Q1,Q1 2024,4,Thu,12
2024-03-22,2024,3,Mar,Mar 2024,Q1,Q1 2024,5,Fri,12
2024-03-23,2024,3,Mar,Mar 2024,Q1,Q1 2024,6,Sat,12
2024-03-24,2024,3,Mar,Mar 2024,Q1,Q1 2024,7,Sun,12
2024-03-25,2024,3,Mar,Mar 2024,Q1,Q1 2024,1,Mon,13
2024-03-26,2024,3,Mar,Mar 2024,Q1,Q1 2024,2,Tue,13
2024-03-27,2024,3,Mar,Mar 2024,Q1,Q1 2024,3,Wed,13
2024-03-28,2024,3,Mar,Mar 2024,Q1,Q1 2024,4,Thu,13
2024-03-29,2024,3,Mar,Mar 2024,Q1,Q1 2024,5,Fri,13
2024-03-30,2024,3,Mar,Mar 2024,Q1,Q1 2024,6,Sat,13
2024-03-31,2024,3,Mar,Mar 2024,Q1,Q1 2024,7,Sun,13
2024-04-01,2024,4,Apr,Apr 2024,Q2,Q2 2024,1,Mon,14
2024-04-02,2024,4,Apr,Apr 2024,Q2,Q2 2024,2,Tue,14
2024-04-03,2024,4,Apr,Apr 2024,Q2,Q2 2024,3,Wed,14
2024-04-04,2024,4,Apr,Apr 2024,Q2,Q2 2024,4,Thu,14
2024-04-05,2024,4,Apr,Apr 2024,Q2,Q2 2024,5,Fri,14
2024-04-06,2024,4,Apr,Apr 2024,Q2,Q2 2024,6,Sat,14
2024-04-07,2024,4,Apr,Apr 2024,Q2,Q2 2024,7,Sun,14
2024-04-08,2024,4,Apr,Apr 2024,Q2,Q2 2024,1,Mon,15
2024-04-09,2024,4,Apr,Apr 2024,Q2,Q2 2024,2,Tue,15
2024-04-10,2024,4,Apr,Apr 2024,Q2,Q2 2024,3,Wed,15
2024-04-11,2024,4,Apr,Apr 2024,Q2,Q2 2024,4,Thu,15
2024-04-12,2024,4,Apr,Apr 2024,Q2,Q2 2024,5,Fri,15
2024-04-13,2024,4,Apr,Apr 2024,Q2,Q2 2024,6,Sat,15
2024-04-14,2024,4,Apr,Apr 2024,Q2,Q2 2024,7,Sun,15
2024-04-15,2024,4,Apr,Apr 2024,Q2,Q2 2024,1,Mon,16
2024-04-16,2024,4,Apr,Apr 2024,Q2,Q2 2024,2,Tue,16
2024-04-17,2024,4,Apr,Apr 2024,Q2,Q2 2024,3,Wed,16
2024-04-18,2024,4,Apr,Apr 2024,Q2,Q2 2024,4,Thu,16
2024-04-19,2024,4,Apr,Apr 2024,Q2,Q2 2024,5,Fri,16
2024-04-20,2024,4,Apr,Apr 2024,Q2,Q2 2024,6,Sat,16
2024-04-21,2024,4,Apr,Apr 2024,Q2,Q2 2024,7,Sun,16
2024-04-22,2024,4,Apr,Apr 2024,Q2,Q2 2024,1,Mon,17
2024-04-23,2024,4,Apr,Apr 2024,Q2,Q2 2024,2,Tue,17
2024-04-24,2024,4,Apr,Apr 2024,Q2,Q2 2024,3,Wed,17
2024-04-25,2024,4,Apr,Apr 2024,Q2,Q2 2024,4,Thu,17
2024-04-26,2024,4,Apr,Apr 2024,Q2,Q2 2024,5,Fri,17
2024-04-27,2024,4,Apr,Apr 2024,Q2,Q2 2024,6,Sat,17
2024-04-28,2024,4,Apr,Apr 2024,Q2,Q2 2024,7,Sun,17
2024-04-29,2024,4,Apr,Apr 2024,Q2,Q2 2024,1,Mon,18
2024-04-30,2024,4,Apr,Apr 2024,Q2,Q2 2024,2,Tue,18
2024-05-01,2024,5,May,May 2024,Q2,Q2 2024,3,Wed,18
2024-05-02,2024,5,May,May 2024,Q2,Q2 2024,4,Thu,18
2024-05-03,2024,5,May,May 2024,Q2,Q2 2024,5,Fri,18
2024-05-04,2024,5,May,May 2024,Q2,Q2 2024,6,Sat,18
2024-05-05,2024,5,May,May 2024,Q2,Q2 2024,7,Sun,18
2024-05-06,2024,5,May,May 2024,Q2,Q2 2024,1,Mon,19
2024-05-07,2024,5,May,May 2024,Q2,Q2 2024,2,Tue,19
2024-05-08,2024,5,May,May 2024,Q2,Q2 2024,3,Wed,19
2024-05-09,2024,5,May,May 2024,Q2,Q2 2024,4,Thu,19
2024-05-10,2024,5,May,May 2024,Q2,Q2 2024,5,Fri,19
2024-05-11,2024,5,May,May 2024,Q2,Q2 2024,6,Sat,19
2024-05-12,2024,5,May,May 2024,Q2,Q2 2024,7,Sun,19
2024-05-13,2024,5,May,May 2024,Q2,Q2 2024,1,Mon,20
2024-05-14,2024,5,May,May 2024,Q2,Q2 2024,2,Tue,20
2024-05-15,2024,5,May,May 2024,Q2,Q2 2024,3,Wed,20
2024-05-16,2024,5,May,May 2024,Q2,Q2 2024,4,Thu,20
2024-05-17,2024,5,May,May 2024,Q2,Q2 2024,5,Fri,20
2024-05-18,2024,5,May,May 2024,Q2,Q2 2024,6,Sat,20
2024-05-19,2024,5,May,May 2024,Q2,Q2 2024,7,Sun,20
2024-05-20,2024,5,May,May 2024,Q2,Q2 2024,1,Mon,21
2024-05-21,2024,5,May,May 2024,Q2,Q2 2024,2,Tue,21
2024-05-22,2024,5,May,May 2024,Q2,Q2 2024,3,Wed,21
2024-05-23,2024,5,May,May 2024,Q2,Q2 2024,4,Thu,21
2024-05-24,2024,5,May,May 2024,Q2,Q2 2024,5,Fri,21
2024-05-25,2024,5,May,May 2024,Q2,Q2 2024,6,Sat,21
2024-05-26,2024,5,May,May 2024,Q2,Q2 2024,7,Sun,21
2024-05-27,2024,5,May,May 2024,Q2,Q2 2024,1,Mon,22
2024-05-28,2024,5,May,May 2024,Q2,Q2 2024,2,Tue,22
2024-05-29,2024,5,May,May 2024,Q2,Q2 2024,3,Wed,22
2024-05-30,2024,5,May,May 2024,Q2,Q2 2024,4,Thu,22
2024-05-31,2024,5,May,May 2024,Q2,Q2 2024,5,Fri,22
2024-06-01,2024,6,Jun,Jun 2024,Q2,Q2 2024,6,Sat,22
2024-06-02,2024,6,Jun,Jun 2024,Q2,Q2 2024,7,Sun,22
2024-06-03,2024,6,Jun,Jun 2024,Q2,Q2 2024,1,Mon,23
2024-06-04,2024,6,Jun,Jun 2024,Q2,Q2 2024,2,Tue,23
2024-06-05,2024,6,Jun,Jun 2024,Q2,Q2 2024,3,Wed,23
2024-06-06,2024,6,Jun,Jun 2024,Q2,Q2 2024,4,Thu,23
2024-06-07,2024,6,Jun,Jun 2024,Q2,Q2 2024,5,Fri,23
2024-06-08,2024,6,Jun,Jun 2024,Q2,Q2 2024,6,Sat,23
2024-06-09,2024,6,Jun,Jun 2024,Q2,Q2 2024,7,Sun,23
2024-06-10,2024,6,Jun,Jun 2024,Q2,Q2 2024,1,Mon,24
2024-06-11,2024,6,Jun,Jun 2024,Q2,Q2 2024,2,Tue,24
2024-06-12,2024,6,Jun,Jun 2024,Q2,Q2 2024,3,Wed,24
2024-06-13,2024,6,Jun,Jun 2024,Q2,Q2 2024,4,Thu,24
2024-06-14,2024,6,Jun,Jun 2024,Q2,Q2 2024,5,Fri,24
2024-06-15,2024,6,Jun,Jun 2024,Q2,Q2 2024,6,Sat,24
2024-06-16,2024,6,Jun,Jun 2024,Q2,Q2 2024,7,Sun,24
2024-06-17,2024,6,Jun,Jun 2024,Q2,Q2 2024,1,Mon,25
2024-06-18,2024,6,Jun,Jun 2024,Q2,Q2 2024,2,Tue,25
2024-06-19,2024,6,Jun,Jun 2024,Q2,Q2 2024,3,Wed,25
2024-06-20,2024,6,Jun,Jun 2024,Q2,Q2 2024,4,Thu,25
2024-06-21,2024,6,Jun,Jun 2024,Q2,Q2 2024,5,Fri,25
2024-06-22,2024,6,Jun,Jun 2024,Q2,Q2 2024,6,Sat,25
2024-06-23,2024,6,Jun,Jun 2024,Q2,Q2 2024,7,Sun,25
2024-06-24,2024,6,Jun,Jun 2024,Q2,Q2 2024,1,Mon,26
2024-06-25,2024,6,Jun,Jun 2024,Q2,Q2 2024,2,Tue,26
2024-06-26,2024,6,Jun,Jun 2024,Q2,Q2 2024,3,Wed,26
2024-06-27,2024,6,Jun,Jun 2024,Q2,Q2 2024,4,Thu,26
2024-06-28,2024,6,Jun,Jun 2024,Q2,Q2 2024,5,Fri,26
2024-06-29,2024,6,Jun,Jun 2024,Q2,Q2 2024,6,Sat,26
2024-06-30,2024,6,Jun,Jun 2024,Q2,Q2 2024,7,Sun,26
2024-07-01,2024,7,Jul,Jul 2024,Q3,Q3 2024,1,Mon,27
2024-07-02,2024,7,Jul,Jul 2024,Q3,Q3 2024,2,Tue,27
2024-07-03,2024,7,Jul,Jul 2024,Q3,Q3 2024,3,Wed,27
2024-07-04,2024,7,Jul,Jul 2024,Q3,Q3 2024,4,Thu,27
2024-07-05,2024,7,Jul,Jul 2024,Q3,Q3 2024,5,Fri,27
2024-07-06,2024,7,Jul,Jul 2024,Q3,Q3 2024,6,Sat,27
2024-07-07,2024,7,Jul,Jul 2024,Q3,Q3 2024,7,Sun,27
2024-07-08,2024,7,Jul,Jul 2024,Q3,Q3 2024,1,Mon,28
2024-07-09,2024,7,Jul,Jul 2024,Q3,Q3 2024,2,Tue,28
2024-07-10,2024,7,Jul,Jul 2024,Q3,Q3 2024,3,Wed,28
2024-07-11,2024,7,Jul,Jul 2024,Q3,Q3 2024,4,Thu,28
2024-07-12,2024,7,Jul,Jul 2024,Q3,Q3 2024,5,Fri,28
2024-07-13,2024,7,Jul,Jul 2024,Q3,Q3 2024,6,Sat,28
2024-07-14,2024,7,Jul,Jul 2024,Q3,Q3 2024,7,Sun,28
2024-07-15,2024,7,Jul,Jul 2024,Q3,Q3 2024,1,Mon,29
2024-07-16,2024,7,Jul,Jul 2024,Q3,Q3 2024,2,Tue,29
2024-07-17,2024,7,Jul,Jul 2024,Q3,Q3 2024,3,Wed,29
2024-07-18,2024,7,Jul,Jul 2024,Q3,Q3 2024,4,Thu,29
2024-07-19,2024,7,Jul,Jul 2024,Q3,Q3 2024,5,Fri,29
2024-07-20,2024,7,Jul,Jul 2024,Q3,Q3 2024,6,Sat,29
2024-07-21,2024,7,Jul,Jul 2024,Q3,Q3 2024,7,Sun,29
2024-07-22,2024,7,Jul,Jul 2024,Q3,Q3 2024,1,Mon,30
2024-07-23,2024,7,Jul,Jul 2024,Q3,Q3 2024,2,Tue,30
2024-07-24,2024,7,Jul,Jul 2024,Q3,Q3 2024,3,Wed,30
2024-07-25,2024,7,Jul,Jul 2024,Q3,Q3 2024,4,Thu,30
2024-07-26,2024,7,Jul,Jul 2024,Q3,Q3 2024,5,Fri,30
2024-07-27,2024,7,Jul,Jul 2024,Q3,Q3 2024,6,Sat,30
2024-07-28,2024,7,Jul,Jul 2024,Q3,Q3 2024,7,Sun,30
2024-07-29,2024,7,Jul,Jul 2024,Q3,Q3 2024,1,Mon,31
2024-07-30,2024,7,Jul,Jul 2024,Q3,Q3 2024,2,Tue,31
2024-07-31,2024,7,Jul,Jul 2024,Q3,Q3 2024,3,Wed,31
2024-08-01,2024,8,Aug,Aug 2024,Q3,Q3 2024,4,Thu,31
2024-08-02,2024,8,Aug,Aug 2024,Q3,Q3 2024,5,Fri,31
2024-08-03,2024,8,Aug,Aug 2024,Q3,Q3 2024,6,Sat,31
2024-08-04,2024,8,Aug,Aug 2024,Q3,Q3 2024,7,Sun,31
2024-08-05,2024,8,Aug,Aug 2024,Q3,Q3 2024,1,Mon,32
2024-08-06,2024,8,Aug,Aug 2024,Q3,Q3 2024,2,Tue,32
2024-08-07,2024,8,Aug,Aug 2024,Q3,Q3 2024,3,Wed,32
2024-08-08,2024,8,Aug,Aug 2024,Q3,Q3 2024,4,Thu,32
2024-08-09,2024,8,Aug,Aug 2024,Q3,Q3 2024,5,Fri,32
2024-08-10,2024,8,Aug,Aug 2024,Q3,Q3 2024,6,Sat,32
2024-08-11,2024,8,Aug,Aug 2024,Q3,Q3 2024,7,Sun,32
2024-08-12,2024,8,Aug,Aug 2024,Q3,Q3 2024,1,Mon,33
2024-08-13,2024,8,Aug,Aug 2024,Q3,Q3 2024,2,Tue,33
2024-08-14,2024,8,Aug,Aug 2024,Q3,Q3 2024,3,Wed,33
2024-08-15,2024,8,Aug,Aug 2024,Q3,Q3 2024,4,Thu,33
2024-08-16,2024,8,Aug,Aug 2024,Q3,Q3 2024,5,Fri,33
2024-08-17,2024,8,Aug,Aug 2024,Q3,Q3 2024,6,Sat,33
2024-08-18,2024,8,Aug,Aug 2024,Q3,Q3 2024,7,Sun,33
2024-08-19,2024,8,Aug,Aug 2024,Q3,Q3 2024,1,Mon,34
2024-08-20,2024,8,Aug,Aug 2024,Q3,Q3 2024,2,Tue,34
2024-08-21,2024,8,Aug,Aug 2024,Q3,Q3 2024,3,Wed,34
2024-08-22,2024,8,Aug,Aug 2024,Q3,Q3 2024,4,Thu,34
2024-08-23,2024,8,Aug,Aug 2024,Q3,Q3 2024,5,Fri,34
2024-08-24,2024,8,Aug,Aug 2024,Q3,Q3 2024,6,Sat,34
2024-08-25,2024,8,Aug,Aug 2024,Q3,Q3 2024,7,Sun,34
2024-08-26,2024,8,Aug,Aug 2024,Q3,Q3 2024,1,Mon,35
2024-08-27,2024,8,Aug,Aug 2024,Q3,Q3 2024,2,Tue,35
2024-08-28,2024,8,Aug,Aug 2024,Q3,Q3 2024,3,Wed,35
2024-08-29,2024,8,Aug,Aug 2024,Q3,Q3 2024,4,Thu,35
2024-08-30,2024,8,Aug,Aug 2024,Q3,Q3 2024,5,Fri,35
2024-08-31,2024,8,Aug,Aug 2024,Q3,Q3 2024,6,Sat,35
2024-09-01,2024,9,Sep,Sep 2024,Q3,Q3 2024,7,Sun,35
2024-09-02,2024,9,Sep,Sep 2024,Q3,Q3 2024,1,Mon,36
2024-09-03,2024,9,Sep,Sep 2024,Q3,Q3 2024,2,Tue,36
2024-09-04,2024,9,Sep,Sep 2024,Q3,Q3 2024,3,Wed,36
2024-09-05,2024,9,Sep,Sep 2024,Q3,Q3 2024,4,Thu,36
2024-09-06,2024,9,Sep,Sep 2024,Q3,Q3 2024,5,Fri,36
2024-09-07,2024,9,Sep,Sep 2024,Q3,Q3 2024,6,Sat,36
2024-09-08,2024,9,Sep,Sep 2024,Q3,Q3 2024,7,Sun,36
2024-09-09,2024,9,Sep,Sep 2024,Q3,Q3 2024,1,Mon,37
2024-09-10,2024,9,Sep,Sep 2024,Q3,Q3 2024,2,Tue,37
2024-09-11,2024,9,Sep,Sep 2024,Q3,Q3 2024,3,Wed,37
2024-09-12,2024,9,Sep,Sep 2024,Q3,Q3 2024,4,Thu,37
2024-09-13,2024,9,Sep,Sep 2024,Q3,Q3 2024,5,Fri,37
2024-09-14,2024,9,Sep,Sep 2024,Q3,Q3 2024,6,Sat,37
2024-09-15,2024,9,Sep,Sep 2024,Q3,Q3 2024,7,Sun,37
2024-09-16,2024,9,Sep,Sep 2024,Q3,Q3 2024,1,Mon,38
2024-09-17,2024,9,Sep,Sep 2024,Q3,Q3 2024,2,Tue,38
2024-09-18,2024,9,Sep,Sep 2024,Q3,Q3 2024,3,Wed,38
2024-09-19,2024,9,Sep,Sep 2024,Q3,Q3 2024,4,Thu,38
2024-09-20,2024,9,Sep,Sep 2024,Q3,Q3 2024,5,Fri,38
2024-09-21,2024,9,Sep,Sep 2024,Q3,Q3 2024,6,Sat,38
2024-09-22,2024,9,Sep,Sep 2024,Q3,Q3 2024,7,Sun,38
2024-09-23,2024,9,Sep,Sep 2024,Q3,Q3 2024,1,Mon,39
2024-09-24,2024,9,Sep,Sep 2024,Q3,Q3 2024,2,Tue,39
2024-09-25,2024,9,Sep,Sep 2024,Q3,Q3 2024,3,Wed,39
2024-09-26,2024,9,Sep,Sep 2024,Q3,Q3 2024,4,Thu,39
2024-09-27,2024,9,Sep,Sep 2024,Q3,Q3 2024,5,Fri,39
2024-09-28,2024,9,Sep,Sep 2024,Q3,Q3 2024,6,Sat,39
2024-09-29,2024,9,Sep,Sep 2024,Q3,Q3 2024,7,Sun,39
2024-09-30,2024,9,Sep,Sep 2024,Q3,Q3 2024,1,Mon,40
2024-10-01,2024,10,Oct,Oct 2024,Q4,Q4 2024,2,Tue,40
2024-10-02,2024,10,Oct,Oct 2024,Q4,Q4 2024,3,Wed,40
2024-10-03,2024,10,Oct,Oct 2024,Q4,Q4 2024,4,Thu,40
2024-10-04,2024,10,Oct,Oct 2024,Q4,Q4 2024,5,Fri,40
2024-10-05,2024,10,Oct,Oct 2024,Q4,Q4 2024,6,Sat,40
2024-10-06,2024,10,Oct,Oct 2024,Q4,Q4 2024,7,Sun,40
2024-10-07,2024,10,Oct,Oct 2024,Q4,Q4 2024,1,Mon,41
2024-10-08,2024,10,Oct,Oct 2024,Q4,Q4 2024,2,Tue,41
2024-10-09,2024,10,Oct,Oct 2024,Q4,Q4 2024,3,Wed,41
2024-10-10,2024,10,Oct,Oct 2024,Q4,Q4 2024,4,Thu,41
2024-10-11,2024,10,Oct,Oct 2024,Q4,Q4 2024,5,Fri,41
2024-10-12,2024,10,Oct,Oct 2024,Q4,Q4 2024,6,Sat,41
2024-10-13,2024,10,Oct,Oct 2024,Q4,Q4 2024,7,Sun,41
2024-10-14,2024,10,Oct,Oct 2024,Q4,Q4 2024,1,Mon,42
2024-10-15,2024,10,Oct,Oct 2024,Q4,Q4 2024,2,Tue,42
2024-10-16,2024,10,Oct,Oct 2024,Q4,Q4 2024,3,Wed,42
2024-10-17,2024,10,Oct,Oct 2024,Q4,Q4 2024,4,Thu,42
2024-10-18,2024,10,Oct,Oct 2024,Q4,Q4 2024,5,Fri,42
2024-10-19,2024,10,Oct,Oct 2024,Q4,Q4 2024,6,Sat,42
2024-10-20,2024,10,Oct,Oct 2024,Q4,Q4 2024,7,Sun,42
2024-10-21,2024,10,Oct,Oct 2024,Q4,Q4 2024,1,Mon,43
2024-10-22,2024,10,Oct,Oct 2024,Q4,Q4 2024,2,Tue,43
2024-10-23,2024,10,Oct,Oct 2024,Q4,Q4 2024,3,Wed,43
2024-10-24,2024,10,Oct,Oct 2024,Q4,Q4 2024,4,Thu,43
2024-10-25,2024,10,Oct,Oct 2024,Q4,Q4 2024,5,Fri,43
2024-10-26,2024,10,Oct,Oct 2024,Q4,Q4 2024,6,Sat,43
2024-10-27,2024,10,Oct,Oct 2024,Q4,Q4 2024,7,Sun,43
2024-10-28,2024,10,Oct,Oct 2024,Q4,Q4 2024,1,Mon,44
2024-10-29,2024,10,Oct,Oct 2024,Q4,Q4 2024,2,Tue,44
2024-10-30,2024,10,Oct,Oct 2024,Q4,Q4 2024,3,Wed,44
2024-10-31,2024,10,Oct,Oct 2024,Q4,Q4 2024,4,Thu,44
2024-11-01,2024,11,Nov,Nov 2024,Q4,Q4 2024,5,Fri,44
2024-11-02,2024,11,Nov,Nov 2024,Q4,Q4 2024,6,Sat,44
2024-11-03,2024,11,Nov,Nov 2024,Q4,Q4 2024,7,Sun,44
2024-11-04,2024,11,Nov,Nov 2024,Q4,Q4 2024,1,Mon,45
2024-11-05,2024,11,Nov,Nov 2024,Q4,Q4 2024,2,Tue,45
2024-11-06,2024,11,Nov,Nov 2024,Q4,Q4 2024,3,Wed,45
2024-11-07,2024,11,Nov,Nov 2024,Q4,Q4 2024,4,Thu,45
2024-11-08,2024,11,Nov,Nov 2024,Q4,Q4 2024,5,Fri,45
2024-11-09,2024,11,Nov,Nov 2024,Q4,Q4 2024,6,Sat,45
2024-11-10,2024,11,Nov,Nov 2024,Q4,Q4 2024,7,Sun,45
2024-11-11,2024,11,Nov,Nov 2024,Q4,Q4 2024,1,Mon,46
2024-11-12,2024,11,Nov,Nov 2024,Q4,Q4 2024,2,Tue,46
2024-11-13,2024,11,Nov,Nov 2024,Q4,Q4 2024,3,Wed,46
2024-11-14,2024,11,Nov,Nov 2024,Q4,Q4 2024,4,Thu,46
2024-11-15,2024,11,Nov,Nov 2024,Q4,Q4 2024,5,Fri,46
2024-11-16,2024,11,Nov,Nov 2024,Q4,Q4 2024,6,Sat,46
2024-11-17,2024,11,Nov,Nov 2024,Q4,Q4 2024,7,Sun,46
2024-11-18,2024,11,Nov,Nov 2024,Q4,Q4 2024,1,Mon,47
2024-11-19,2024,11,Nov,Nov 2024,Q4,Q4 2024,2,Tue,47
2024-11-20,2024,11,Nov,Nov 2024,Q4,Q4 2024,3,Wed,47
2024-11-21,2024,11,Nov,Nov 2024,Q4,Q4 2024,4,Thu,47
2024-11-22,2024,11,Nov,Nov 2024,Q4,Q4 2024,5,Fri,47
2024-11-23,2024,11,Nov,Nov 2024,Q4,Q4 2024,6,Sat,47
2024-11-24,2024,11,Nov,Nov 2024,Q4,Q4 2024,7,Sun,47
2024-11-25,2024,11,Nov,Nov 2024,Q4,Q4 2024,1,Mon,48
2024-11-26,2024,11,Nov,Nov 2024,Q4,Q4 2024,2,Tue,48
2024-11-27,2024,11,Nov,Nov 2024,Q4,Q4 2024,3,Wed,48
2024-11-28,2024,11,Nov,Nov 2024,Q4,Q4 2024,4,Thu,48
2024-11-29,2024,11,Nov,Nov 2024,Q4,Q4 2024,5,Fri,48
2024-11-30,2024,11,Nov,Nov 2024,Q4,Q4 2024,6,Sat,48
2024-12-01,2024,12,Dec,Dec 2024,Q4,Q4 2024,7,Sun,48
2024-12-02,2024,12,Dec,Dec 2024,Q4,Q4 2024,1,Mon,49
2024-12-03,2024,12,Dec,Dec 2024,Q4,Q4 2024,2,Tue,49
2024-12-04,2024,12,Dec,Dec 2024,Q4,Q4 2024,3,Wed,49
2024-12-05,2024,12,Dec,Dec 2024,Q4,Q4 2024,4,Thu,49
2024-12-06,2024,12,Dec,Dec 2024,Q4,Q4 2024,5,Fri,49
2024-12-07,2024,12,Dec,Dec 2024,Q4,Q4 2024,6,Sat,49
2024-12-08,2024,12,Dec,Dec 2024,Q4,Q4 2024,7,Sun,49
2024-12-09,2024,12,Dec,Dec 2024,Q4,Q4 2024,1,Mon,50
2024-12-10,2024,12,Dec,Dec 2024,Q4,Q4 2024,2,Tue,50
2024-12-11,2024,12,Dec,Dec 2024,Q4,Q4 2024,3,Wed,50
2024-12-12,2024,12,Dec,Dec 2024,Q4,Q4 2024,4,Thu,50
2024-12-13,2024,12,Dec,Dec 2024,Q4,Q4 2024,5,Fri,50
2024-12-14,2024,12,Dec,Dec 2024,Q4,Q4 2024,6,Sat,50
2024-12-15,2024,12,Dec,Dec 2024,Q4,Q4 2024,7,Sun,50
2024-12-16,2024,12,Dec,Dec 2024,Q4,Q4 2024,1,Mon,51
2024-12-17,2024,12,Dec,Dec 2024,Q4,Q4 2024,2,Tue,51
2024-12-18,2024,12,Dec,Dec 2024,Q4,Q4 2024,3,Wed,51
2024-12-19,2024,12,Dec,Dec 2024,Q4,Q4 2024,4,Thu,51
2024-12-20,2024,12,Dec,Dec 2024,Q4,Q4 2024,5,Fri,51
2024-12-21,2024,12,Dec,Dec 2024,Q4,Q4 2024,6,Sat,51
2024-12-22,2024,12,Dec,Dec 2024,Q4,Q4 2024,7,Sun,51
2024-12-23,2024,12,Dec,Dec 2024,Q4,Q4 2024,1,Mon,52
2024-12-24,2024,12,Dec,Dec 2024,Q4,Q4 2024,2,Tue,52
2024-12-25,2024,12,Dec,Dec 2024,Q4,Q4 2024,3,Wed,52
2024-12-26,2024,12,Dec,Dec 2024,Q4,Q4 2024,4,Thu,52
2024-12-27,2024,12,Dec,Dec 2024,Q4,Q4 2024,5,Fri,52
2024-12-28,2024,12,Dec,Dec 2024,Q4,Q4 2024,6,Sat,52
2024-12-29,2024,12,Dec,Dec 2024,Q4,Q4 2024,7,Sun,52
2024-12-30,2024,12,Dec,Dec 2024,Q4,Q4 2024,1,Mon,1
